,SPY,AAPL,NVDA,TLT
SPY,0.042364234279040805,0.05068365794494397,0.07611025628974907,-0.004174890831990059
AAPL,0.05068365794494397,0.09969919067817543,0.09565411281834292,-0.0036646871201250738
NVDA,0.07611025628974907,0.09565411281834292,0.2753463985022527,-0.003056270335550268
TLT,-0.004174890831990059,-0.0036646871201250738,-0.003056270335550268,0.028611111791204766
