,SPY,AAPL,NVDA,TLT
SPY,0.00016811204078984448,0.0002011256267656507,0.0003020248265466233,-1.6567027111071664e-05
AAPL,0.0002011256267656507,0.0003956317090403787,0.00037957981277120207,-1.454240920684553e-05
NVDA,0.0003020248265466233,0.00037957981277120207,0.0010926444385010027,-1.2128056887104238e-05
TLT,-1.6567027111071664e-05,-1.454240920684553e-05,-1.2128056887104238e-05,0.00011353615790160621
