,SPY,AAPL,NVDA,TLT
SPY,1.0,0.7798704310766904,0.7046992408764368,-0.11991626026895268
AAPL,0.7798704310766904,1.0,0.5773220318403408,-0.06861573475563434
NVDA,0.7046992408764368,0.5773220318403408,1.0,-0.034433779877206645
TLT,-0.11991626026895268,-0.06861573475563434,-0.034433779877206645,1.0
