metric,value
p5,-0.13578115778723948
p50,0.04475588762743628
p95,0.28038129740931045
prob_loss,0.3512
